{
  "95": 0.01755500061415532,
  "99": 0.025289294304485458,
  "99.9": 0.12675301462337815
}